<?xml version="1.0" encoding="UTF-8"?>
<GenRun Id="impl_1" LaunchPart="xc7k160tffg676-2L" LaunchTime="1749705278">
  <File Type="ROUTE-PWR" Name="tetris_top_power_routed.rpt"/>
  <File Type="PA-TCL" Name="tetris_top.tcl"/>
  <File Type="OPT-METHODOLOGY-DRC" Name="tetris_top_methodology_drc_opted.rpt"/>
  <File Type="INIT-TIMING" Name="tetris_top_timing_summary_init.rpt"/>
  <File Type="ROUTE-PWR-SUM" Name="tetris_top_power_summary_routed.pb"/>
  <File Type="OPT-RQA-PB" Name="tetris_top_rqa_opted.pb"/>
  <File Type="REPORTS-TCL" Name="tetris_top_reports.tcl"/>
  <File Type="OPT-TIMING" Name="tetris_top_timing_summary_opted.rpt"/>
  <File Type="OPT-DCP" Name="tetris_top_opt.dcp"/>
  <File Type="OPT-DRC" Name="tetris_top_drc_opted.rpt"/>
  <File Type="OPT-HWDEF" Name="tetris_top.hwdef"/>
  <File Type="PWROPT-DCP" Name="tetris_top_pwropt.dcp"/>
  <File Type="PWROPT-DRC" Name="tetris_top_drc_pwropted.rpt"/>
  <File Type="PWROPT-TIMING" Name="tetris_top_timing_summary_pwropted.rpt"/>
  <File Type="PLACE-DCP" Name="tetris_top_placed.dcp"/>
  <File Type="PLACE-IO" Name="tetris_top_io_placed.rpt"/>
  <File Type="PLACE-CLK" Name="tetris_top_clock_utilization_placed.rpt"/>
  <File Type="PLACE-UTIL" Name="tetris_top_utilization_placed.rpt"/>
  <File Type="PLACE-UTIL-PB" Name="tetris_top_utilization_placed.pb"/>
  <File Type="PLACE-CTRL" Name="tetris_top_control_sets_placed.rpt"/>
  <File Type="PLACE-SIMILARITY" Name="tetris_top_incremental_reuse_placed.rpt"/>
  <File Type="PLACE-PRE-SIMILARITY" Name="tetris_top_incremental_reuse_pre_placed.rpt"/>
  <File Type="BG-BIN" Name="tetris_top.bin"/>
  <File Type="PLACE-TIMING" Name="tetris_top_timing_summary_placed.rpt"/>
  <File Type="ROUTE-PWR-RPX" Name="tetris_top_power_routed.rpx"/>
  <File Type="PLACE-RQA-PB" Name="tetris_top_rqa_placed.pb"/>
  <File Type="POSTPLACE-PWROPT-DCP" Name="tetris_top_postplace_pwropt.dcp"/>
  <File Type="BITSTR-MSK" Name="tetris_top.msk"/>
  <File Type="POSTPLACE-PWROPT-TIMING" Name="tetris_top_timing_summary_postplace_pwropted.rpt"/>
  <File Type="PHYSOPT-DCP" Name="tetris_top_physopt.dcp"/>
  <File Type="PHYSOPT-DRC" Name="tetris_top_drc_physopted.rpt"/>
  <File Type="BITSTR-RBT" Name="tetris_top.rbt"/>
  <File Type="PHYSOPT-TIMING" Name="tetris_top_timing_summary_physopted.rpt"/>
  <File Type="ROUTE-ERROR-DCP" Name="tetris_top_routed_error.dcp"/>
  <File Type="ROUTE-DCP" Name="tetris_top_routed.dcp"/>
  <File Type="ROUTE-BLACKBOX-DCP" Name="tetris_top_routed_bb.dcp"/>
  <File Type="ROUTE-DRC" Name="tetris_top_drc_routed.rpt"/>
  <File Type="ROUTE-DRC-PB" Name="tetris_top_drc_routed.pb"/>
  <File Type="ROUTE-DRC-RPX" Name="tetris_top_drc_routed.rpx"/>
  <File Type="ROUTE-METHODOLOGY-DRC" Name="tetris_top_methodology_drc_routed.rpt"/>
  <File Type="ROUTE-METHODOLOGY-DRC-RPX" Name="tetris_top_methodology_drc_routed.rpx"/>
  <File Type="ROUTE-METHODOLOGY-DRC-PB" Name="tetris_top_methodology_drc_routed.pb"/>
  <File Type="ROUTE-RQS-PB" Name="tetris_top_rqs_routed.pb"/>
  <File Type="ROUTE-STATUS" Name="tetris_top_route_status.rpt"/>
  <File Type="ROUTE-STATUS-PB" Name="tetris_top_route_status.pb"/>
  <File Type="ROUTE-TIMINGSUMMARY" Name="tetris_top_timing_summary_routed.rpt"/>
  <File Type="ROUTE-TIMING-PB" Name="tetris_top_timing_summary_routed.pb"/>
  <File Type="ROUTE-TIMING-RPX" Name="tetris_top_timing_summary_routed.rpx"/>
  <File Type="ROUTE-SIMILARITY" Name="tetris_top_incremental_reuse_routed.rpt"/>
  <File Type="ROUTE-CLK" Name="tetris_top_clock_utilization_routed.rpt"/>
  <File Type="ROUTE-BUS-SKEW" Name="tetris_top_bus_skew_routed.rpt"/>
  <File Type="ROUTE-BUS-SKEW-PB" Name="tetris_top_bus_skew_routed.pb"/>
  <File Type="ROUTE-BUS-SKEW-RPX" Name="tetris_top_bus_skew_routed.rpx"/>
  <File Type="POSTROUTE-PHYSOPT-DCP" Name="tetris_top_postroute_physopt.dcp"/>
  <File Type="POSTROUTE-PHYSOPT-BLACKBOX-DCP" Name="tetris_top_postroute_physopt_bb.dcp"/>
  <File Type="POSTROUTE-PHYSOPT-TIMING" Name="tetris_top_timing_summary_postroute_physopted.rpt"/>
  <File Type="POSTROUTE-PHYSOPT-TIMING-PB" Name="tetris_top_timing_summary_postroute_physopted.pb"/>
  <File Type="POSTROUTE-PHYSOPT-TIMING-RPX" Name="tetris_top_timing_summary_postroute_physopted.rpx"/>
  <File Type="POSTROUTE-PHYSOPT-BUS-SKEW" Name="tetris_top_bus_skew_postroute_physopted.rpt"/>
  <File Type="BG-BIT" Name="tetris_top.bit"/>
  <File Type="POSTROUTE-PHYSOPT-BUS-SKEW-PB" Name="tetris_top_bus_skew_postroute_physopted.pb"/>
  <File Type="POSTROUTE-PHYSOPT-BUS-SKEW-RPX" Name="tetris_top_bus_skew_postroute_physopted.rpx"/>
  <File Type="BITSTR-NKY" Name="tetris_top.nky"/>
  <File Type="BITSTR-BMM" Name="tetris_top_bd.bmm"/>
  <File Type="BITSTR-MMI" Name="tetris_top.mmi"/>
  <File Type="PDI-FILE" Name="tetris_top.pdi"/>
  <File Type="BOOT-PDI-FILE" Name="tetris_top_boot.pdi"/>
  <File Type="PL-PDI-FILE" Name="tetris_top_pld.pdi"/>
  <File Type="RCFI_FILE" Name="tetris_top.rcfi"/>
  <File Type="CFI_FILE" Name="tetris_top.cfi"/>
  <File Type="RNPI_FILE" Name="tetris_top.rnpi"/>
  <File Type="NPI_FILE" Name="tetris_top.npi"/>
  <File Type="RBD_FILE" Name="tetris_top.rbd"/>
  <File Type="BITSTR-LTX" Name="debug_nets.ltx"/>
  <File Type="BITSTR-LTX" Name="tetris_top.ltx"/>
  <File Type="BITSTR-SYSDEF" Name="tetris_top.sysdef"/>
  <File Type="BG-BGN" Name="tetris_top.bgn"/>
  <File Type="BG-DRC" Name="tetris_top.drc"/>
  <File Type="RDI-RDI" Name="tetris_top.vdi"/>
  <File Type="WBT-USG" Name="usage_statistics_webtalk.html"/>
  <File Type="ROUTE-RQS" Name="tetris_top_routed.rqs"/>
  <File Type="POSTROUTE-PHYSOPT-RQS" Name="tetris_top_postroute_physopted.rqs"/>
  <File Type="ROUTE-RQS-RPT" Name="route_report_qor_suggestions_0.rpt"/>
  <File Type="POSTROUTE-PHYSOPT-RQS-RPT" Name="postroute_physopt_report_qor_suggestions_0.rpt"/>
  <FileSet Name="sources" Type="DesignSrcs" RelSrcDir="$PSRCDIR/sources_1" RelGenDir="$PGENDIR/sources_1">
    <Filter Type="Srcs"/>
    <File Path="$PSRCDIR/sources_1/imports/cur/clk_div.v">
      <FileInfo>
        <Attr Name="ImportPath" Val="$PPRDIR/../cur/clk_div.v"/>
        <Attr Name="ImportTime" Val="1749696623"/>
        <Attr Name="UsedIn" Val="synthesis"/>
        <Attr Name="UsedIn" Val="implementation"/>
        <Attr Name="UsedIn" Val="simulation"/>
      </FileInfo>
    </File>
    <File Path="$PSRCDIR/sources_1/imports/cur/display_control.v">
      <FileInfo>
        <Attr Name="ImportPath" Val="$PPRDIR/../cur/display_control.v"/>
        <Attr Name="ImportTime" Val="1749702590"/>
        <Attr Name="UsedIn" Val="synthesis"/>
        <Attr Name="UsedIn" Val="implementation"/>
        <Attr Name="UsedIn" Val="simulation"/>
      </FileInfo>
    </File>
    <File Path="$PSRCDIR/sources_1/imports/cur/game_area.v">
      <FileInfo>
        <Attr Name="ImportPath" Val="$PPRDIR/../cur/game_area.v"/>
        <Attr Name="ImportTime" Val="1749702690"/>
        <Attr Name="UsedIn" Val="synthesis"/>
        <Attr Name="UsedIn" Val="implementation"/>
        <Attr Name="UsedIn" Val="simulation"/>
      </FileInfo>
    </File>
    <File Path="$PSRCDIR/sources_1/imports/cur/game_control.v">
      <FileInfo>
        <Attr Name="ImportPath" Val="$PPRDIR/../cur/game_control.v"/>
        <Attr Name="ImportTime" Val="1749702827"/>
        <Attr Name="UsedIn" Val="synthesis"/>
        <Attr Name="UsedIn" Val="implementation"/>
        <Attr Name="UsedIn" Val="simulation"/>
      </FileInfo>
    </File>
    <File Path="$PSRCDIR/sources_1/imports/cur/ps2_keyboard.v">
      <FileInfo>
        <Attr Name="ImportPath" Val="$PPRDIR/../cur/ps2_keyboard.v"/>
        <Attr Name="ImportTime" Val="1749696679"/>
        <Attr Name="UsedIn" Val="synthesis"/>
        <Attr Name="UsedIn" Val="implementation"/>
        <Attr Name="UsedIn" Val="simulation"/>
      </FileInfo>
    </File>
    <File Path="$PSRCDIR/sources_1/imports/cur/tetromino.v">
      <FileInfo>
        <Attr Name="ImportPath" Val="$PPRDIR/../cur/tetromino.v"/>
        <Attr Name="ImportTime" Val="1749696812"/>
        <Attr Name="UsedIn" Val="synthesis"/>
        <Attr Name="UsedIn" Val="implementation"/>
        <Attr Name="UsedIn" Val="simulation"/>
      </FileInfo>
    </File>
    <File Path="$PSRCDIR/sources_1/imports/cur/vga_controller.v">
      <FileInfo>
        <Attr Name="ImportPath" Val="$PPRDIR/../cur/vga_controller.v"/>
        <Attr Name="ImportTime" Val="1749696651"/>
        <Attr Name="UsedIn" Val="synthesis"/>
        <Attr Name="UsedIn" Val="implementation"/>
        <Attr Name="UsedIn" Val="simulation"/>
      </FileInfo>
    </File>
    <File Path="$PSRCDIR/sources_1/imports/cur/tetris_top.v">
      <FileInfo>
        <Attr Name="ImportPath" Val="$PPRDIR/../cur/tetris_top.v"/>
        <Attr Name="ImportTime" Val="1749703644"/>
        <Attr Name="UsedIn" Val="synthesis"/>
        <Attr Name="UsedIn" Val="implementation"/>
        <Attr Name="UsedIn" Val="simulation"/>
      </FileInfo>
    </File>
    <Config>
      <Option Name="DesignMode" Val="RTL"/>
      <Option Name="TopModule" Val="tetris_top"/>
      <Option Name="TopAutoSet" Val="TRUE"/>
    </Config>
  </FileSet>
  <FileSet Name="constrs_in" Type="Constrs" RelSrcDir="$PSRCDIR/constrs_1" RelGenDir="$PGENDIR/constrs_1">
    <Filter Type="Constrs"/>
    <File Path="$PSRCDIR/constrs_1/imports/cur/constraints.xdc">
      <FileInfo>
        <Attr Name="ImportPath" Val="$PPRDIR/../cur/constraints.xdc"/>
        <Attr Name="ImportTime" Val="1749704106"/>
        <Attr Name="UsedIn" Val="synthesis"/>
        <Attr Name="UsedIn" Val="implementation"/>
      </FileInfo>
    </File>
    <Config>
      <Option Name="ConstrsType" Val="XDC"/>
    </Config>
  </FileSet>
  <FileSet Name="utils" Type="Utils" RelSrcDir="$PSRCDIR/utils_1" RelGenDir="$PGENDIR/utils_1">
    <Filter Type="Utils"/>
    <Config>
      <Option Name="TopAutoSet" Val="TRUE"/>
    </Config>
  </FileSet>
  <Strategy Version="1" Minor="2">
    <StratHandle Name="Vivado Implementation Defaults" Flow="Vivado Implementation 2024">
      <Desc>Default settings for Implementation.</Desc>
    </StratHandle>
    <Step Id="init_design"/>
    <Step Id="opt_design"/>
    <Step Id="power_opt_design"/>
    <Step Id="place_design"/>
    <Step Id="post_place_power_opt_design"/>
    <Step Id="phys_opt_design"/>
    <Step Id="route_design"/>
    <Step Id="post_route_phys_opt_design"/>
    <Step Id="write_bitstream"/>
  </Strategy>
</GenRun>
